date,price,market_cap,volume
29-01-2025 00:00,101313.1126,2.00707E+12,45780526814
30-01-2025 00:00,103718.9794,2.05658E+12,47425401642
31-01-2025 00:00,104781.5135,2.07676E+12,42122570869
01-02-2025 00:00,102382.3941,2.0285E+12,37187819228
02-02-2025 00:00,100674.7876,1.99642E+12,22827776122
03-02-2025 00:00,97568.31653,1.93369E+12,59784234332
04-02-2025 00:00,101466.8607,2.01112E+12,1.22164E+11
05-02-2025 00:00,98118.43922,1.94354E+12,73196693058
06-02-2025 00:00,96582.88683,1.91258E+12,48848958932
07-02-2025 00:00,96635.41875,1.91509E+12,44462180396
08-02-2025 00:00,96558.45631,1.9113E+12,57077722340
09-02-2025 00:00,96558.23763,1.91421E+12,20760850645
10-02-2025 00:00,96548.57865,1.91307E+12,25457107581
11-02-2025 00:00,97399.98161,1.93074E+12,37054987394
12-02-2025 00:00,95739.97737,1.89879E+12,36454577155
13-02-2025 00:00,97836.18856,1.93684E+12,47115618235
14-02-2025 00:00,96561.664,1.91432E+12,29084371911
15-02-2025 00:00,97488.48149,1.93166E+12,32289906945
16-02-2025 00:00,97569.95169,1.93431E+12,14215311318
17-02-2025 00:00,96149.34845,1.90501E+12,13634794999
18-02-2025 00:00,95776.15724,1.899E+12,25324374113
19-02-2025 00:00,95495.89153,1.8927E+12,38311133145
20-02-2025 00:00,96554.87156,1.91434E+12,27703222487
21-02-2025 00:00,98384.31738,1.95038E+12,24175261970
22-02-2025 00:00,96135.15541,1.90606E+12,42477472951
23-02-2025 00:00,96564.15414,1.91526E+12,18464415571
24-02-2025 00:00,96327.46309,1.90963E+12,16643044375
25-02-2025 00:00,91396.76687,1.81418E+12,45539703844
26-02-2025 00:00,88755.76934,1.75975E+12,96742453403
27-02-2025 00:00,83900.11497,1.66431E+12,69277430796
28-02-2025 00:00,84709.14478,1.67956E+12,81960688218
01-03-2025 00:00,84441.90122,1.67475E+12,80695237175
02-03-2025 00:00,86005.2563,1.70556E+12,30634474723
03-03-2025 00:00,94261.53287,1.86832E+12,61859112551
04-03-2025 00:00,86124.71419,1.7082E+12,68715362745
05-03-2025 00:00,87310.80531,1.73144E+12,65863356680
06-03-2025 00:00,90604.08099,1.79771E+12,51606642860
07-03-2025 00:00,90001.40088,1.78279E+12,47555759125
08-03-2025 00:00,86773.33598,1.72044E+12,63216440875
09-03-2025 00:00,86142.98336,1.70861E+12,18809360803
10-03-2025 00:00,80751.13893,1.60207E+12,32013406241
11-03-2025 00:00,78783.94058,1.56355E+12,49983692766
12-03-2025 00:00,82799.10803,1.643E+12,56404462275
13-03-2025 00:00,83884.24579,1.6625E+12,41782186209
14-03-2025 00:00,81098.90052,1.60848E+12,32583592655
15-03-2025 00:00,83971.70916,1.66573E+12,28571483950
16-03-2025 00:00,84391.69088,1.67417E+12,10761796127
17-03-2025 00:00,82610.6175,1.63867E+12,21638031633
18-03-2025 00:00,84075.3656,1.6678E+12,19659366247
19-03-2025 00:00,82780.03049,1.64258E+12,24557570269
20-03-2025 00:00,86815.44109,1.72157E+12,33871216993
21-03-2025 00:00,84270.84359,1.67255E+12,27579127651
22-03-2025 00:00,84009.53292,1.66675E+12,18091004976
23-03-2025 00:00,83793.30854,1.66257E+12,7771134682
24-03-2025 00:00,85787.70915,1.70201E+12,12617587531
25-03-2025 00:00,87327.7297,1.73272E+12,27270889835
26-03-2025 00:00,87520.58392,1.73537E+12,30351832943
27-03-2025 00:00,86960.85555,1.72485E+12,25522877559
28-03-2025 00:00,87227.27158,1.72973E+12,24620445368
29-03-2025 00:00,84359.46916,1.67318E+12,31674486232
30-03-2025 00:00,82679.17255,1.64067E+12,16837439420
31-03-2025 00:00,82356.38111,1.634E+12,13428975108
01-04-2025 00:00,82514.09365,1.63508E+12,30326148750
02-04-2025 00:00,85237.58761,1.6906E+12,29172899852
03-04-2025 00:00,82526.42215,1.63736E+12,46332905658
04-04-2025 00:00,83163.98757,1.65254E+12,36594464539
05-04-2025 00:00,83852.00765,1.66423E+12,35647289400
06-04-2025 00:00,83595.8855,1.65602E+12,14910400036
07-04-2025 00:00,78211.48358,1.55533E+12,36140377232
08-04-2025 00:00,79179.29227,1.58141E+12,82909748173
09-04-2025 00:00,76329.09036,1.51504E+12,47812787635
10-04-2025 00:00,82622.1703,1.64057E+12,87408220482
11-04-2025 00:00,79596.35732,1.58002E+12,41213520154
12-04-2025 00:00,83439.28818,1.65587E+12,39813566444
13-04-2025 00:00,85305.09728,1.6936E+12,22428929482
14-04-2025 00:00,83600.8201,1.65892E+12,28731125718
15-04-2025 00:00,84523.45249,1.67784E+12,33155578229
16-04-2025 00:00,83656.49249,1.66075E+12,25084671428
17-04-2025 00:00,84105.77942,1.6705E+12,26948109142
18-04-2025 00:00,84930.90858,1.68623E+12,19323821375
19-04-2025 00:00,84433.75017,1.67637E+12,9550691273
20-04-2025 00:00,85126.66244,1.69009E+12,12635983531
21-04-2025 00:00,85073.16545,1.68901E+12,12625843856
22-04-2025 00:00,87452.04699,1.7357E+12,40070025414
23-04-2025 00:00,93576.16589,1.85859E+12,53841992235
24-04-2025 00:00,93605.45231,1.85866E+12,39901515880
25-04-2025 00:00,93872.81423,1.8643E+12,30031246761
26-04-2025 00:00,94773.11201,1.88212E+12,39336184715
27-04-2025 00:00,94644.06637,1.87913E+12,15445392740
28-04-2025 00:00,93809.33782,1.86277E+12,15926259371
29-04-2025 00:00,95030.60645,1.88707E+12,31913814737
30-04-2025 00:00,94256.35946,1.87082E+12,25882629766
01-05-2025 00:00,94235.75331,1.87135E+12,26541700309
02-05-2025 00:00,96426.94522,1.91488E+12,30207566405
03-05-2025 00:00,96855.56813,1.92325E+12,23276376191
04-05-2025 00:00,95922.86842,1.90489E+12,13797554864
05-05-2025 00:00,94326.62049,1.87281E+12,14903122946
06-05-2025 00:00,94758.82371,1.88251E+12,24086456278
07-05-2025 00:00,96854.53199,1.92364E+12,23348052607
08-05-2025 00:00,97026.49377,1.92713E+12,64376174032
09-05-2025 00:00,103076.2756,2.04788E+12,50020047721
10-05-2025 00:00,102962.5405,2.04505E+12,40800894903
11-05-2025 00:00,104630.8793,2.07713E+12,21558992540
12-05-2025 00:00,103994.0616,2.06566E+12,27389436049
13-05-2025 00:00,102876.8304,2.04435E+12,43090605819
14-05-2025 00:00,104184.4904,2.06936E+12,33861432520
15-05-2025 00:00,103594.4258,2.0578E+12,28398245847
16-05-2025 00:00,103708.8514,2.06014E+12,31823340473
17-05-2025 00:00,103556.0349,2.05773E+12,25887953182
18-05-2025 00:00,103212.3648,2.05032E+12,18950056010
19-05-2025 00:00,106030.6377,2.10489E+12,30744060180
20-05-2025 00:00,105629.4158,2.09849E+12,43339734154
21-05-2025 00:00,106786.72,2.12178E+12,36393687094
22-05-2025 00:00,109665.8637,2.17884E+12,60722883114
23-05-2025 00:00,111560.3569,2.21471E+12,52218408239
24-05-2025 00:00,107216.6686,2.1316E+12,49251745838
25-05-2025 00:00,107831.3637,2.14254E+12,27128230117
26-05-2025 00:00,108861.8104,2.16307E+12,29652659665
27-05-2025 00:00,109377.7151,2.17306E+12,27950577138
28-05-2025 00:00,109068.4569,2.16755E+12,38978783509
29-05-2025 00:00,107838.1843,2.14334E+12,29794278037
30-05-2025 00:00,105745.4166,2.10135E+12,38279231893
31-05-2025 00:00,104010.9196,2.06683E+12,39680060338
01-06-2025 00:00,104687.5074,2.08047E+12,20432694555
02-06-2025 00:00,105710.0059,2.10118E+12,17721500508
03-06-2025 00:00,105884.7426,2.10423E+12,26313843059
04-06-2025 00:00,105434.4775,2.09529E+12,25925661121
05-06-2025 00:00,104812.9182,2.08315E+12,25812143563
06-06-2025 00:00,101650.7388,2.02029E+12,39711941132
07-06-2025 00:00,104409.7497,2.07518E+12,29897390978
08-06-2025 00:00,105681.4546,2.10055E+12,17749731309
09-06-2025 00:00,105692.2474,2.10065E+12,16044679696
10-06-2025 00:00,110261.5749,2.19188E+12,38222993298
11-06-2025 00:00,110212.7325,2.18935E+12,36303839183
12-06-2025 00:00,108679.9761,2.15953E+12,30338936632
13-06-2025 00:00,105979.229,2.10791E+12,35865159511
14-06-2025 00:00,106045.5644,2.10797E+12,49471015506
15-06-2025 00:00,105482.9061,2.09749E+12,17916412456
16-06-2025 00:00,105554.4938,2.0985E+12,16568441853
17-06-2025 00:00,106951.272,2.1279E+12,32095957012
18-06-2025 00:00,104683.4248,2.08097E+12,38603212011
19-06-2025 00:00,104722.6951,2.08168E+12,30339326410
20-06-2025 00:00,104690.65,2.08136E+12,18063282658
21-06-2025 00:00,103290.1051,2.05412E+12,30632751225
22-06-2025 00:00,101532.5684,2.01742E+12,21644463199
23-06-2025 00:00,100852.5826,2.00518E+12,51287142390
24-06-2025 00:00,105511.6244,2.09774E+12,50011797129
25-06-2025 00:00,105976.0693,2.10711E+12,31704641077
26-06-2025 00:00,107238.5305,2.13214E+12,30468274982
27-06-2025 00:00,106984.0125,2.12729E+12,24320699663
28-06-2025 00:00,107078.9156,2.12902E+12,25194306262
29-06-2025 00:00,107331.5855,2.13424E+12,8960877694
30-06-2025 00:00,108396.6163,2.15518E+12,14881078675
01-07-2025 00:00,107132.7991,2.13047E+12,22489515582
02-07-2025 00:00,105613.3997,2.10009E+12,25033160828
03-07-2025 00:00,108824.4442,2.16384E+12,36395184773
04-07-2025 00:00,109602.2048,2.17966E+12,29892049538
05-07-2025 00:00,108040.8919,2.1486E+12,24248906785
06-07-2025 00:00,108217.4685,2.15234E+12,10042942281
07-07-2025 00:00,109215.1977,2.1715E+12,14638669497
08-07-2025 00:00,108300.7168,2.15378E+12,25493246476
09-07-2025 00:00,108953.1919,2.16705E+12,20488865138
10-07-2025 00:00,111327.5305,2.21521E+12,37078460441
11-07-2025 00:00,115879.6503,2.30329E+12,56204086624
12-07-2025 00:00,117571.0251,2.33861E+12,64185145924
13-07-2025 00:00,117418.9575,2.33549E+12,24351256098
14-07-2025 00:00,119117.5567,2.36905E+12,27310851455
15-07-2025 00:00,119833.6745,2.38383E+12,68915956379
16-07-2025 00:00,117678.1949,2.34122E+12,80299520980
17-07-2025 00:00,118748.1627,2.36319E+12,50374263849
18-07-2025 00:00,119445.3652,2.37624E+12,49282617206
19-07-2025 00:00,117988.9466,2.34717E+12,58896449261
20-07-2025 00:00,117901.6266,2.3454E+12,23934511126
21-07-2025 00:00,117256.9208,2.33376E+12,36702153882
22-07-2025 00:00,117482.4698,2.33737E+12,46344384345
23-07-2025 00:00,119955.7957,2.38752E+12,58939000421
24-07-2025 00:00,118629.0559,2.35993E+12,45225685168
25-07-2025 00:00,118354.4352,2.35476E+12,51940414419
26-07-2025 00:00,117540.8084,2.33886E+12,91617702596
27-07-2025 00:00,117959.5423,2.34696E+12,25145925064
28-07-2025 00:00,119418.9141,2.37652E+12,30220402191
29-07-2025 00:00,118003.302,2.34947E+12,43433742204
30-07-2025 00:00,117853.3089,2.34513E+12,42860287144
31-07-2025 00:00,117833.2409,2.34372E+12,43054424657
01-08-2025 00:00,115700.0024,2.3022E+12,45238249453
02-08-2025 00:00,113234.6051,2.25361E+12,65794680822
03-08-2025 00:00,112554.9023,2.24041E+12,33543439044
04-08-2025 00:00,114199.1097,2.2728E+12,24689273719
05-08-2025 00:00,115138.6861,2.2924E+12,32488023583
06-08-2025 00:00,114128.3541,2.27158E+12,37316213252
07-08-2025 00:00,115022.0958,2.2893E+12,32052509631
08-08-2025 00:00,117463.4745,2.33773E+12,38289687095
09-08-2025 00:00,116688.3666,2.32303E+12,33017415813
10-08-2025 00:00,116510.0839,2.31882E+12,27638785406
11-08-2025 00:00,119266.9252,2.3741E+12,37157754755
12-08-2025 00:00,118773.7996,2.36406E+12,61739781528
13-08-2025 00:00,120202.5349,2.39285E+12,46941089790
14-08-2025 00:00,123560.9936,2.4589E+12,61818118106
15-08-2025 00:00,118405.5958,2.36004E+12,73822008368
16-08-2025 00:00,117339.7919,2.33529E+12,44268714220
17-08-2025 00:00,117501.2165,2.33947E+12,23202714237
18-08-2025 00:00,117542.8369,2.34065E+12,20906566027
19-08-2025 00:00,116256.4128,2.31356E+12,47337926941
20-08-2025 00:00,112778.3448,2.24542E+12,46156885037
21-08-2025 00:00,114252.3976,2.27447E+12,42166369117
22-08-2025 00:00,112414.3999,2.23812E+12,32048202091
23-08-2025 00:00,116834.2495,2.32617E+12,50878158871
24-08-2025 00:00,115359.9835,2.29679E+12,27306719885
25-08-2025 00:00,113399.5485,2.25966E+12,40682656777
26-08-2025 00:00,110185.3544,2.19445E+12,52854872364
27-08-2025 00:00,111842.71,2.22703E+12,43023800053
28-08-2025 00:00,111216.0848,2.21526E+12,36957904263
29-08-2025 00:00,112525.5974,2.23942E+12,34222495087
30-08-2025 00:00,108480.3067,2.16028E+12,51702115726
31-08-2025 00:00,108781.9573,2.16617E+12,27799981331
01-09-2025 00:00,108253.3609,2.15569E+12,26140904019
02-09-2025 00:00,109162.6856,2.1741E+12,42999610648
03-09-2025 00:00,111190.1821,2.2126E+12,50235464643
04-09-2025 00:00,111711.5198,2.22537E+12,36406080683
05-09-2025 00:00,110724.7364,2.20405E+12,38708366685
06-09-2025 00:00,110662.1811,2.20405E+12,56020470627
07-09-2025 00:00,110209.1888,2.19529E+12,19340758702
08-09-2025 00:00,111131.9924,2.21376E+12,22147049159
09-09-2025 00:00,112025.1288,2.23176E+12,37159847900
10-09-2025 00:00,111547.4396,2.22203E+12,45338021458
11-09-2025 00:00,113975.3249,2.27024E+12,52205187155
12-09-2025 00:00,115503.1666,2.29976E+12,43752917633
13-09-2025 00:00,116160.1434,2.31435E+12,51192951486
14-09-2025 00:00,115970.5849,2.31017E+12,30063858748
15-09-2025 00:00,115373.5556,2.29746E+12,26889399415
16-09-2025 00:00,115397.2527,2.29798E+12,46947581231
17-09-2025 00:00,116762.8497,2.32533E+12,39964451595
18-09-2025 00:00,116455.9465,2.32158E+12,54740952295
19-09-2025 00:00,117145.4951,2.33371E+12,43642467075
20-09-2025 00:00,115655.8105,2.30347E+12,34296721252
21-09-2025 00:00,115715.5154,2.30537E+12,18774953731
22-09-2025 00:00,115304.48,2.29733E+12,18659113982
23-09-2025 00:00,112696.741,2.24593E+12,69152342029
24-09-2025 00:00,112022.1659,2.23269E+12,46154878824
25-09-2025 00:00,113320.5691,2.25774E+12,46677543220
26-09-2025 00:00,108963.5301,2.17195E+12,74481796351
27-09-2025 00:00,109710.2087,2.18587E+12,55257214021
28-09-2025 00:00,109654.8102,2.1852E+12,23294896964
29-09-2025 00:00,112142.5736,2.2358E+12,31274654339
30-09-2025 00:00,114309.1504,2.27836E+12,57833295883
01-10-2025 00:00,114024.2278,2.27214E+12,57718901821
02-10-2025 00:00,118503.2445,2.35957E+12,69920179085
03-10-2025 00:00,120611.7191,2.39952E+12,71252850673
04-10-2025 00:00,122250.1519,2.43696E+12,83155430409
05-10-2025 00:00,122380.9371,2.43883E+12,35161626562
06-10-2025 00:00,123506.1852,2.46122E+12,72011486031
07-10-2025 00:00,124773.5082,2.48607E+12,69605991065
08-10-2025 00:00,121518.7559,2.42194E+12,76087884720
09-10-2025 00:00,123352.5049,2.459E+12,62576032795
10-10-2025 00:00,121698.0307,2.42329E+12,72097306669
11-10-2025 00:00,113201.7406,2.26566E+12,1.51002E+11
12-10-2025 00:00,110853.1166,2.2114E+12,1.08644E+11
13-10-2025 00:00,115189.5715,2.29472E+12,93857100744
14-10-2025 00:00,115222.283,2.29686E+12,68935270367
15-10-2025 00:00,113156.5694,2.25755E+12,91211854989
16-10-2025 00:00,110708.6696,2.20774E+12,68877328886
17-10-2025 00:00,108076.7286,2.15496E+12,84773160808
18-10-2025 00:00,106443.6119,2.12302E+12,94325236795
19-10-2025 00:00,107156.0034,2.13558E+12,34412835720
20-10-2025 00:00,108621.1349,2.16537E+12,45373692612
21-10-2025 00:00,110608.5715,2.20557E+12,60452111148
22-10-2025 00:00,108486.1026,2.16241E+12,1.05841E+11
23-10-2025 00:00,107618.4267,2.14577E+12,83996418126
24-10-2025 00:00,110048.5183,2.1939E+12,56192643014
25-10-2025 00:00,110997.8044,2.21331E+12,49120903424
26-10-2025 00:00,111620.3094,2.22486E+12,23214874411
27-10-2025 00:00,114476.0123,2.28369E+12,42483268634
28-10-2025 00:00,114182.7944,2.27624E+12,63764801511
29-10-2025 00:00,112950.3486,2.254E+12,66299512352
30-10-2025 00:00,110046.6693,2.19475E+12,64235327509
31-10-2025 00:00,108240.7653,2.1578E+12,72648897660
01-11-2025 00:00,109573.9056,2.18519E+12,58800487941
02-11-2025 00:00,110014.1356,2.19408E+12,24938475578
03-11-2025 00:00,110650.2093,2.20185E+12,35098774844
04-11-2025 00:00,106521.0867,2.12366E+12,75068433318
05-11-2025 00:00,101635.274,2.02609E+12,1.08966E+11
06-11-2025 00:00,103877.9597,2.073E+12,77083907217
07-11-2025 00:00,101322.6403,2.01915E+12,64118217250
08-11-2025 00:00,103396.0842,2.06302E+12,93627003785
09-11-2025 00:00,102290.1371,2.04E+12,51095924202
10-11-2025 00:00,104709.6786,2.08642E+12,59952468438
11-11-2025 00:00,105909.0727,2.11275E+12,67546556820
12-11-2025 00:00,102960.7756,2.05322E+12,71008299179
13-11-2025 00:00,101521.7086,2.02584E+12,63332414143
14-11-2025 00:00,99730.4534,1.99617E+12,1.00463E+11
15-11-2025 00:00,94456.39368,1.8918E+12,1.13198E+11
16-11-2025 00:00,95508.3102,1.90523E+12,39062120798
17-11-2025 00:00,94411.32947,1.88324E+12,72645149973
18-11-2025 00:00,92036.7255,1.83546E+12,95794596045
19-11-2025 00:00,92819.75922,1.85123E+12,1.03837E+11
20-11-2025 00:00,91363.27839,1.82006E+12,82897875507
21-11-2025 00:00,86649.97258,1.73126E+12,99171039191
22-11-2025 00:00,85051.80193,1.69772E+12,1.35093E+11
23-11-2025 00:00,84682.62429,1.69056E+12,42644968955
24-11-2025 00:00,86783.84767,1.73223E+12,60446592409
25-11-2025 00:00,88229.35741,1.76156E+12,77606296173
26-11-2025 00:00,87310.3316,1.74216E+12,67956444142
27-11-2025 00:00,90474.22678,1.80644E+12,69690430588
28-11-2025 00:00,91279.06057,1.82178E+12,59295194348
29-11-2025 00:00,90950.37696,1.81492E+12,62833195067
30-11-2025 00:00,90841.45258,1.81277E+12,39253888202
01-12-2025 00:00,90406.28449,1.80782E+12,40334819410
02-12-2025 00:00,86281.4952,1.72355E+12,92988982967
03-12-2025 00:00,91344.73275,1.82484E+12,83138039129
04-12-2025 00:00,93619.43751,1.86805E+12,81429135005
05-12-2025 00:00,92140.7042,1.83937E+12,67878296355
06-12-2025 00:00,89307.09155,1.7828E+12,50193142877
07-12-2025 00:00,89244.76208,1.78119E+12,24818678152
08-12-2025 00:00,90162.90714,1.79966E+12,33912893267
09-12-2025 00:00,90618.05352,1.80839E+12,45466493941
10-12-2025 00:00,92723.21372,1.85212E+12,54575121854
11-12-2025 00:00,92005.13715,1.83732E+12,52189659396
12-12-2025 00:00,92494.17692,1.84892E+12,53232377699
13-12-2025 00:00,90307.26029,1.80324E+12,67750393559
14-12-2025 00:00,90257.42929,1.8015E+12,35222775785
15-12-2025 00:00,88230.77409,1.76138E+12,33808538697
16-12-2025 00:00,86413.91902,1.72462E+12,50630498834
17-12-2025 00:00,87821.88919,1.75137E+12,48317754255
18-12-2025 00:00,86064.94716,1.71849E+12,48886793508
19-12-2025 00:00,85450.3312,1.70434E+12,58649139179
20-12-2025 00:00,88103.86076,1.7594E+12,51932451057
21-12-2025 00:00,88347.94311,1.76281E+12,17103607835
22-12-2025 00:00,88577.42038,1.76892E+12,22541294542
23-12-2025 00:00,88491.12021,1.76708E+12,41948947368
24-12-2025 00:00,87406.43637,1.74521E+12,46353794742
25-12-2025 00:00,87642.60888,1.74938E+12,29100645180
26-12-2025 00:00,87229.78066,1.74149E+12,22773603342
27-12-2025 00:00,87305.95656,1.74319E+12,47130449136
28-12-2025 00:00,87807.00321,1.75338E+12,15670944600
29-12-2025 00:00,87822.90829,1.7536E+12,17428479525
30-12-2025 00:00,87156.56266,1.73979E+12,53957962808
31-12-2025 00:00,88414.62856,1.76583E+12,39734225800
01-01-2026 00:00,87520.18049,1.74784E+12,37245075349
02-01-2026 00:00,88727.67004,1.77137E+12,21163124465
03-01-2026 00:00,89926.27925,1.79589E+12,50705395176
04-01-2026 00:00,90593.85443,1.80921E+12,23480735293
05-01-2026 00:00,91373.21588,1.82499E+12,31050236623
06-01-2026 00:00,93926.79565,1.87656E+12,59451605755
07-01-2026 00:00,93666.86387,1.87004E+12,57439451726
08-01-2026 00:00,91257.15544,1.82222E+12,47910812257
09-01-2026 00:00,90983.51578,1.81725E+12,48319133568
10-01-2026 00:00,90504.8956,1.80778E+12,43664879516
11-01-2026 00:00,90442.01908,1.80648E+12,13961660357
12-01-2026 00:00,90819.36599,1.81408E+12,19870776214
13-01-2026 00:00,91134.96918,1.82053E+12,46923085428
14-01-2026 00:00,95260.4423,1.90229E+12,66844465447
15-01-2026 00:00,97007.78079,1.93829E+12,68433627981
16-01-2026 00:00,95584.82798,1.90923E+12,59629891835
17-01-2026 00:00,95516.07772,1.90767E+12,37208122952
18-01-2026 00:00,95099.53193,1.89991E+12,17839431205
19-01-2026 00:00,93752.70577,1.87498E+12,23132534226
20-01-2026 00:00,92558.46334,1.84923E+12,43338958369
21-01-2026 00:00,88312.84053,1.76403E+12,60578606229
22-01-2026 00:00,89354.34378,1.78512E+12,62357735673
23-01-2026 00:00,89443.39744,1.78701E+12,39301750756
24-01-2026 00:00,89412.3985,1.78629E+12,43393369571
25-01-2026 00:00,89170.87365,1.78198E+12,16537403155
26-01-2026 00:00,86548.32213,1.73146E+12,39912523619
27-01-2026 00:00,88307.86121,1.76454E+12,50644433647
28-01-2026 00:00,89204.2224,1.78251E+12,43778458931
28-01-2026 13:08,89906.32321,1.79646E+12,46780778075
28-01-2026 20:08,90915.13146,1.82644E+12,87358172034
29-01-2026 20:08,90682.21174,1.73208E+12,34445894345
30-01-2026 20:08,88878.4045,1.77158E+12,40692071694
31-01-2026 20:08,88071.92448,1.73407E+12,41556492838
01-02-2026 20:08,86628.62772,1.7289E+12,43313546294
02-02-2026 20:08,86447.63805,1.70232E+12,1.14684E+11
03-02-2026 20:08,88545.6791,1.7896E+12,25412537318
04-02-2026 20:08,89269.44294,1.76281E+12,24690200022
05-02-2026 20:08,87927.23756,1.70161E+12,36937718097
06-02-2026 20:08,88066.49831,1.74642E+12,80337612545
07-02-2026 20:08,87754.01282,1.7147E+12,79846368040
08-02-2026 20:08,92785.36826,1.85624E+12,1.00151E+11
09-02-2026 20:08,92965.23033,1.79422E+12,63215072194
10-02-2026 20:08,91945.82576,1.82821E+12,38403210793
11-02-2026 20:08,90379.85749,1.83212E+12,61847719733
12-02-2026 20:08,90728.28665,1.82949E+12,49717282393
13-02-2026 20:08,93013.79156,1.84196E+12,29992808576
14-02-2026 20:08,95491.95944,1.84055E+12,60628676896
15-02-2026 20:08,97696.25557,1.90793E+12,65228443216
16-02-2026 20:08,98399.76534,1.90417E+12,38297643997
17-02-2026 20:08,100438.6551,2.07055E+12,58917390190
18-02-2026 20:08,98215.97806,1.89913E+12,48470725517
19-02-2026 20:08,99504.62141,2.00815E+12,52786380609
20-02-2026 20:08,101418.4257,2.01407E+12,27333643423
21-02-2026 20:08,98363.80838,1.94406E+12,64147458258
22-02-2026 20:08,96541.77966,1.91135E+12,55493690707
23-02-2026 20:08,94428.0542,1.88398E+12,23595822042
24-02-2026 20:08,94122.88917,1.83915E+12,29286142387
25-02-2026 20:08,92975.03154,1.77289E+12,82902215853
26-02-2026 20:08,92928.2568,1.87961E+12,26010213580
27-02-2026 20:08,93851.50038,1.86532E+12,52365223281
28-02-2026 20:08,93370.91253,1.91144E+12,75090074023
01-03-2026 20:08,96354.4065,2.00033E+12,81587879385
02-03-2026 20:08,94929.31492,1.91668E+12,32338447436
03-03-2026 20:08,94890.66599,1.93441E+12,36272595581
04-03-2026 20:08,95669.49062,1.97755E+12,45891362962
05-03-2026 20:08,97441.0738,1.96702E+12,27386649505
06-03-2026 20:08,99745.04491,2.00201E+12,12819174952
07-03-2026 20:08,101735.8728,1.99072E+12,61829744942
08-03-2026 20:08,102603.3435,2.01635E+12,33938863913
09-03-2026 20:08,103436.2518,2.06106E+12,56632878473
10-03-2026 20:08,103836.0601,2.10631E+12,25877553927
11-03-2026 20:08,104069.669,2.10922E+12,39347415695
12-03-2026 20:08,106537.2999,2.04175E+12,79052101469
13-03-2026 20:08,104022.544,1.95092E+12,29494467197
14-03-2026 20:08,103161.031,2.03401E+12,25268102978
15-03-2026 20:08,105287.5594,2.11284E+12,17159080398
16-03-2026 20:08,105616.4405,2.12455E+12,20835196726
17-03-2026 20:08,106551.7586,2.1145E+12,68160993288
18-03-2026 20:08,103464.0896,2.09404E+12,53675759914
19-03-2026 12:08,104536.3716,2.07107E+12,62978397620
20-03-2026 12:08,104368.9229,2.04186E+12,20663480462
21-03-2026 12:08,106289.9339,2.12432E+12,23639573154
22-03-2026 12:08,107166.4125,2.09501E+12,47591495466
23-03-2026 12:08,104523.0842,2.09499E+12,58333922711
24-03-2026 12:08,106891.0155,2.06862E+12,27574157336
25-03-2026 12:08,108067.5319,2.17279E+12,3.02523E+11
26-03-2026 12:08,110702.5749,2.24512E+12,61037421988
27-03-2026 12:08,112501.8178,2.20428E+12,39149287470
28-03-2026 12:08,112688.6293,2.34642E+12,17325145258
29-03-2026 12:08,108764.1991,2.14408E+12,75964553040
30-03-2026 12:08,106232.6924,2.08388E+12,61904346796
31-03-2026 12:08,106722.5419,2.12581E+12,31816701357
01-04-2026 12:08,108173.3968,2.06556E+12,48376718875
02-04-2026 12:08,110151.5157,2.15737E+12,41613444697
03-04-2026 12:08,112195.5542,2.17919E+12,37283128590
04-04-2026 12:08,110606.1995,2.27888E+12,53962123355
05-04-2026 12:08,112782.3428,2.33973E+12,73849124656
06-04-2026 12:08,111594.7444,2.27711E+12,30937121095
07-04-2026 12:08,113445.3105,2.21581E+12,42778209435
08-04-2026 12:08,110930.8265,2.19647E+12,23615421090
09-04-2026 12:08,107505.2373,2.12062E+12,47047692171
10-04-2026 12:08,104175.3096,2.12141E+12,44296605824
11-04-2026 12:08,105208.5829,2.10208E+12,32644718680
12-04-2026 12:08,104331.5873,2.08101E+12,61366056889
13-04-2026 12:08,101547.8069,2.10711E+12,16605726834
14-04-2026 12:08,102833.5103,2.05798E+12,32279803813
15-04-2026 12:08,101740.1729,2.00086E+12,67396465382
16-04-2026 12:08,100221.6413,2.03039E+12,51389881036
17-04-2026 12:08,101581.014,1.98804E+12,33304782508
18-04-2026 12:08,102915.3356,2.04725E+12,46733217965
19-04-2026 12:08,101602.639,2.04411E+12,39832979484
20-04-2026 12:08,104005.6132,2.10397E+12,66191121897
21-04-2026 12:08,104049.6413,2.09892E+12,37737645376
22-04-2026 12:08,103755.0482,2.06882E+12,59345128591
23-04-2026 12:08,108426.358,2.11437E+12,24015446302
24-04-2026 12:08,110267.0025,2.2218E+12,60338132297
25-04-2026 12:08,108127.6146,2.1551E+12,31412649744
26-04-2026 12:08,107778.1408,2.10947E+12,37528423460
27-04-2026 12:08,106463.2637,2.08387E+12,49781086930
28-04-2026 12:08,105295.8115,2.07574E+12,49492269928
29-04-2026 12:08,102100.775,2.0027E+12,39609458857
30-04-2026 12:08,105342.8419,2.13238E+12,40683485997
01-05-2026 12:08,103064.7357,2.05032E+12,38147575585
02-05-2026 12:08,101227.063,2.03543E+12,94837128377
03-05-2026 12:08,102102.3336,2.05997E+12,36059894413
04-05-2026 12:08,102128.9137,2.03643E+12,29942732291
05-05-2026 12:08,103222.8004,2.11385E+12,71195309517
06-05-2026 12:08,101515.2383,2.05549E+12,48301495770
07-05-2026 12:08,99748.09154,1.95174E+12,32658174859
07-05-2026 20:08,95861.95543,1.83476E+12,52827387296
08-05-2026 20:08,97870.1631,1.97661E+12,92214818448
09-05-2026 20:08,97594.52039,1.93936E+12,38270559959
10-05-2026 20:08,95292.1765,1.90933E+12,42206944631
11-05-2026 20:08,95869.72396,1.81432E+12,28082444109
12-05-2026 20:08,95760.33036,1.9156E+12,51262816807
13-05-2026 20:08,96409.77193,1.90663E+12,19810850435
14-05-2026 20:08,97525.88306,1.98202E+12,95247333998
15-05-2026 20:08,96891.32531,1.93757E+12,1.22669E+11
16-05-2026 20:08,100131.4731,1.99948E+12,78446284670
17-05-2026 20:08,100490.4,1.95904E+12,38522570130
18-05-2026 20:08,102390.1336,2.01998E+12,37137870097
19-05-2026 20:08,105572.7259,2.13822E+12,41151180528
20-05-2026 20:08,100633.8258,1.98321E+12,85885442650
21-05-2026 20:08,101350.703,2.01638E+12,65627462268
22-05-2026 20:08,97717.86444,1.94443E+12,53911897650
23-05-2026 20:08,94689.0703,1.87977E+12,42442053488
24-05-2026 20:08,95689.57859,1.93277E+12,38108805527
25-05-2026 20:08,95036.94673,1.87442E+12,34742226587
26-05-2026 20:08,93899.06521,1.81508E+12,40045852643
27-05-2026 20:08,89291.15411,1.77335E+12,45008824318
28-05-2026 20:08,91618.6972,1.85434E+12,32317525375
29-05-2026 20:08,92771.17945,1.82602E+12,23849530129
30-05-2026 20:08,92158.78104,1.81106E+12,14727647321
31-05-2026 20:08,90207.38535,1.79624E+12,71529010150
01-06-2026 20:08,90372.54682,1.85331E+12,12902460082
02-06-2026 20:08,88623.19209,1.75709E+12,43029937180
03-06-2026 20:08,87386.99012,1.71219E+12,36980727666
04-06-2026 20:08,89113.77493,1.81088E+12,61105914162
05-06-2026 20:08,89119.33861,1.85778E+12,73189932106
06-06-2026 20:08,92166.73438,1.81997E+12,31550534856
07-06-2026 20:08,89576.7706,1.71443E+12,70557911664
08-06-2026 20:08,89833.83002,1.77485E+12,39116518349
09-06-2026 20:08,88634.25227,1.75043E+12,35840047241
10-06-2026 20:08,87606.27686,1.65618E+12,62060680640
11-06-2026 20:08,87459.51999,1.74878E+12,50530657293
12-06-2026 20:08,86470.2126,1.73902E+12,48888552468
13-06-2026 20:08,89499.9765,1.81437E+12,30112009165
14-06-2026 20:08,87580.6023,1.75268E+12,11193285655
15-06-2026 20:08,87015.67607,1.6789E+12,65671148100
16-06-2026 20:08,87531.26248,1.83894E+12,19693501745
17-06-2026 20:08,86776.8553,1.70615E+12,64451762317
18-06-2026 20:08,88232.73314,1.73051E+12,1.48817E+11
19-06-2026 20:08,86283.87005,1.72296E+12,46085044599
20-06-2026 20:08,89233.98455,1.77158E+12,46649222278
21-06-2026 20:08,90376.05108,1.78711E+12,37572147394
22-06-2026 20:08,92400.41825,1.75764E+12,52782554978
23-06-2026 20:08,94294.187,1.86715E+12,84463352512
24-06-2026 20:08,89772.98832,1.82414E+12,28905128742
25-06-2026 20:08,89815.2446,1.77885E+12,66509448049
26-06-2026 10:08,92596.44807,1.88752E+12,28370778897
27-06-2026 10:08,93626.7811,1.86278E+12,74663334395
28-06-2026 10:08,96825.19934,1.96429E+12,63192021443
29-06-2026 10:08,95942.7322,1.90737E+12,1.10638E+11
30-06-2026 10:08,96485.95059,1.83395E+12,61787179448
01-07-2026 10:08,94550.98268,2.00111E+12,48274903433
02-07-2026 10:08,93772.60052,1.91582E+12,1.19755E+11
03-07-2026 10:08,96944.67803,1.88384E+12,31363999801
04-07-2026 10:08,95685.83735,1.93325E+12,49014658519
05-07-2026 10:08,93761.8281,1.83327E+12,48817879570
06-07-2026 10:08,96397.09582,1.89432E+12,34401387717
07-07-2026 10:08,95593.7609,1.85541E+12,25434680410
08-07-2026 10:08,92802.76278,1.89847E+12,31205422677
09-07-2026 10:08,91551.37128,1.7886E+12,49841270552
10-07-2026 10:08,91073.23493,1.81007E+12,65989801422
11-07-2026 10:08,91007.68805,1.79507E+12,45930046252
12-07-2026 10:08,91630.9206,1.77998E+12,50621800089
13-07-2026 10:08,93427.43538,1.83428E+12,31760921233
14-07-2026 10:08,93463.59607,1.9447E+12,19514157355
15-07-2026 10:08,95744.29103,1.88336E+12,27952666659
16-07-2026 10:08,92426.69734,1.88903E+12,37374283267
17-07-2026 10:08,88208.43636,1.70509E+12,91696701072
18-07-2026 10:08,90436.55938,1.8372E+12,26721844724
19-07-2026 10:08,94243.44041,1.85438E+12,7401545842
20-07-2026 10:08,94733.71498,1.86388E+12,39449859164
21-07-2026 10:08,96619.76103,1.92527E+12,70919721703
22-07-2026 10:08,92101.07074,1.80465E+12,32258348527
23-07-2026 10:08,92405.43837,1.86884E+12,17209226097
24-07-2026 10:08,94360.33408,1.91023E+12,60189098332
25-07-2026 10:08,94492.05606,1.81679E+12,28093130578
26-07-2026 10:08,93041.97623,1.87713E+12,55655605519
27-07-2026 10:08,94969.50031,1.89857E+12,64057540046
28-07-2026 10:08,93937.9799,1.85714E+12,41987775103
29-07-2026 10:08,95999.251,1.8865E+12,82402622373
30-07-2026 10:08,96980.6308,1.93643E+12,27053100546
31-07-2026 10:08,97681.29546,1.94145E+12,22520775672
01-08-2026 10:08,97869.05381,1.91674E+12,99104568222
02-08-2026 10:08,95343.28681,1.85778E+12,39432650487
03-08-2026 10:08,96627.38926,1.95952E+12,57718499006
04-08-2026 10:08,96895.54144,1.89901E+12,43996764222
05-08-2026 10:08,91521.08312,1.8009E+12,51567590914
06-08-2026 10:08,90257.24261,1.82894E+12,27869101813
07-08-2026 10:08,87678.15032,1.84122E+12,39565153240
08-08-2026 10:08,89849.24736,1.77311E+12,91218290417
09-08-2026 10:08,89631.36422,1.77572E+12,80607170602
10-08-2026 10:08,90476.98609,1.82006E+12,47099369675
11-08-2026 10:08,90257.02012,1.79441E+12,25184634377
12-08-2026 10:08,86926.2996,1.73972E+12,38301287720
13-08-2026 10:08,84977.47093,1.61945E+12,36979321282
14-08-2026 10:08,81735.85567,1.6516E+12,98141531834
14-08-2026 17:08,80708.99992,1.61317E+12,1.16597E+11
15-08-2026 17:08,82964.18325,1.67764E+12,70169812600
16-08-2026 17:08,83002.49096,1.66065E+12,63625728796
17-08-2026 17:08,83238.60489,1.64624E+12,46694852634
18-08-2026 17:08,87926.60285,1.72417E+12,36783933613
19-08-2026 17:08,89105.24889,1.76632E+12,27218251807
20-08-2026 17:08,90635.8705,1.80132E+12,31625967831
21-08-2026 17:08,91309.8393,1.77084E+12,89372386277
22-08-2026 17:08,96709.78278,1.92768E+12,73145422138
23-08-2026 17:08,94040.2895,1.92141E+12,51660788894
24-08-2026 17:08,95029.57663,1.89667E+12,1.03812E+11
25-08-2026 17:08,94634.00095,1.84209E+12,13463518487
26-08-2026 17:08,92223.24968,1.93068E+12,31836265152
27-08-2026 17:08,89211.4994,1.76593E+12,31611597438
28-08-2026 17:08,89546.88457,1.78175E+12,41200695966
29-08-2026 17:08,88686.27659,1.78849E+12,98768273621
30-08-2026 17:08,88221.75136,1.72221E+12,38406608166
31-08-2026 17:08,85323.63099,1.72626E+12,48891221930
01-09-2026 17:08,84127.95622,1.65827E+12,59408929679
02-09-2026 17:08,83237.12854,1.67202E+12,56819888516
03-09-2026 17:08,84279.03875,1.76115E+12,55734643547
04-09-2026 17:08,84617.61282,1.62231E+12,2.14751E+11
05-09-2026 17:08,83420.78004,1.58559E+12,28406157416
06-09-2026 17:08,80273.97111,1.59532E+12,40125104808
07-09-2026 17:08,80691.593,1.57482E+12,28762846602
08-09-2026 17:08,79615.68792,1.61318E+12,44868626125
09-09-2026 17:08,81043.48112,1.64844E+12,47090654337
10-09-2026 17:08,84084.35651,1.66069E+12,57926861299
11-09-2026 17:08,83614.95243,1.62511E+12,30402789078
12-09-2026 17:08,84702.33733,1.72072E+12,42031310929
13-09-2026 17:08,84440.58344,1.65319E+12,67824469575
14-09-2026 17:08,81016.48996,1.60317E+12,28354276207
15-09-2026 17:08,79867.05267,1.58795E+12,37368726249
16-09-2026 17:08,81792.3797,1.64588E+12,30995567193
17-09-2026 17:08,82677.62962,1.6615E+12,32586607989
18-09-2026 17:08,85983.35369,1.69107E+12,1.14571E+11
19-09-2026 17:08,89192.49415,1.75268E+12,40508571294
20-09-2026 17:08,91368.01962,1.79766E+12,63522823867
21-09-2026 17:08,91283.17136,1.8638E+12,46508331124
22-09-2026 17:08,90320.63708,1.77146E+12,63520601748
23-09-2026 17:08,90804.45364,1.79467E+12,95621363617
24-09-2026 17:08,88524.65506,1.79492E+12,67751033733
25-09-2026 17:08,87988.31389,1.76864E+12,1.04189E+11
26-09-2026 17:08,84863.44079,1.67471E+12,34636391062
27-09-2026 17:08,80345.98712,1.61539E+12,38759906371
28-09-2026 17:08,82963.20871,1.66311E+12,20003954725
29-09-2026 17:08,82151.75354,1.59152E+12,78498825788
30-09-2026 17:08,85646.72559,1.77136E+12,36352442465
01-10-2026 17:08,85528.79129,1.7328E+12,83356800447
02-10-2026 17:08,86408.11004,1.69826E+12,54825121425
03-10-2026 05:08,86380.65303,1.7371E+12,1.07405E+11
04-10-2026 05:08,86465.31291,1.71147E+12,42212749780
05-10-2026 05:08,85117.3898,1.70053E+12,25906013855
06-10-2026 05:08,86275.5351,1.70002E+12,35279422605
07-10-2026 05:08,84806.9553,1.7489E+12,52707322353
08-10-2026 05:08,86067.39372,1.69297E+12,75966808644
09-10-2026 05:08,87842.97356,1.74123E+12,85151382156
10-10-2026 05:08,91983.81154,1.81703E+12,48816395201
11-10-2026 05:08,90944.60218,1.83227E+12,77513626321
12-10-2026 05:08,90765.45595,1.7726E+12,64228973263
13-10-2026 05:08,91878.38952,1.8101E+12,48988668233
14-10-2026 05:08,91668.46613,1.85832E+12,68194969419
15-10-2026 05:08,89898.38246,1.73318E+12,1.199E+11
16-10-2026 05:08,93356.29622,1.7972E+12,33095830688
17-10-2026 05:08,93724.27538,1.88508E+12,23544386073
18-10-2026 05:08,95299.47772,1.91178E+12,31280233644
19-10-2026 05:08,94707.10179,1.82254E+12,42973347579
20-10-2026 05:08,96879.67559,1.84183E+12,49570278982
21-10-2026 05:08,97549.63815,1.95586E+12,42197844311
22-10-2026 05:08,94936.68146,1.93118E+12,30930788906
23-10-2026 05:08,94385.97298,1.79966E+12,50042791617
24-10-2026 05:08,96899.59624,1.95342E+12,21972537036
25-10-2026 05:08,97989.93123,1.98313E+12,81210291608
26-10-2026 05:08,97804.07474,1.96051E+12,84365687911
27-10-2026 05:08,98606.86813,1.94954E+12,33458888238
28-10-2026 05:08,97149.60589,1.9283E+12,26267018253
29-10-2026 05:08,98091.32288,1.92912E+12,44275762343
30-10-2026 05:08,99049.94232,1.96592E+12,75847496291
31-10-2026 05:08,105316.7743,2.05938E+12,53919195018
01-11-2026 05:08,106773.315,2.13664E+12,31830812174
02-11-2026 05:08,106390.6253,2.14044E+12,27860547585
03-11-2026 05:08,110974.2133,2.25102E+12,51398135802
04-11-2026 05:08,111125.5125,2.22024E+12,55169250565
05-11-2026 05:08,112714.5731,2.19424E+12,99619153645
06-11-2026 05:08,113422.6996,2.30259E+12,38845859863
07-11-2026 05:08,116914.9724,2.35298E+12,52644766949
08-11-2026 05:08,114548.7159,2.32735E+12,58601874159
09-11-2026 05:08,116102.2031,2.37014E+12,38671061797
10-11-2026 05:08,113515.749,2.20132E+12,19373790894
11-11-2026 05:08,117297.6801,2.26184E+12,37864861046
12-11-2026 05:08,115763.6749,2.31162E+12,31054185221
13-11-2026 05:08,119572.1808,2.27256E+12,31321205509
14-11-2026 05:08,122452.6683,2.41478E+12,43633439963
15-11-2026 05:08,118390.1511,2.42418E+12,17703397825
16-11-2026 05:08,120221.1264,2.42505E+12,58763790616
17-11-2026 05:08,121216.761,2.40321E+12,58109442017
18-11-2026 05:08,118716.3336,2.32143E+12,26941162944
19-11-2026 05:08,117120.4504,2.24167E+12,53742862020
20-11-2026 05:08,119053.737,2.34069E+12,19933179758
21-11-2026 05:08,118627.558,2.31503E+12,58050317453
21-11-2026 18:08,116322.7582,2.28869E+12,57394830755
22-11-2026 18:08,118301.4817,2.37677E+12,14116370843
23-11-2026 18:08,124016.1499,2.53345E+12,54423612118
24-11-2026 18:08,125268.2336,2.52983E+12,38819324828
25-11-2026 18:08,129315.5573,2.52937E+12,25962202314
26-11-2026 18:08,130561.1145,2.65175E+12,58597288934
27-11-2026 18:08,131746.4377,2.56198E+12,38885917604
28-11-2026 18:08,130693.0952,2.72929E+12,17110621332
29-11-2026 18:08,128024.6615,2.51212E+12,31953841677
30-11-2026 18:08,130072.3609,2.56023E+12,47826419376
01-12-2026 18:08,128108.5112,2.63474E+12,69913419816
02-12-2026 18:08,122636.3935,2.49147E+12,33983150555
03-12-2026 18:08,125375.8726,2.50353E+12,49977708102
04-12-2026 18:08,121815.4264,2.34513E+12,97151214116
05-12-2026 18:08,118589.0711,2.31177E+12,1.24682E+11
06-12-2026 18:08,121036.3807,2.41818E+12,32617466269
07-12-2026 18:08,116959.9456,2.27662E+12,63578738571
08-12-2026 18:08,116467.8525,2.31116E+12,33833807482
09-12-2026 18:08,114875.3158,2.2484E+12,47775428407
10-12-2026 18:08,115796.2391,2.27329E+12,57235852893
11-12-2026 18:08,111239.2732,2.11035E+12,34334233094
12-12-2026 18:08,113119.4283,2.22197E+12,50525577823
13-12-2026 18:08,111435.8091,2.23089E+12,72730097890
14-12-2026 18:08,111485.0003,2.18839E+12,24496900133
15-12-2026 18:08,108616.6405,2.16416E+12,19695088656
16-12-2026 18:08,110510.6902,2.21901E+12,33802599714
17-12-2026 18:08,115005.2657,2.2899E+12,12826586251
18-12-2026 18:08,109311.2398,2.23962E+12,75761024822
19-12-2026 18:08,109915.4561,2.17161E+12,35189261280
20-12-2026 18:08,112228.2171,2.26526E+12,46800989335
21-12-2026 18:08,118569.8766,2.40271E+12,19824837400
22-12-2026 18:08,120930.9508,2.36815E+12,52539512472
23-12-2026 18:08,112088.7768,2.22585E+12,42580487243
24-12-2026 18:08,112805.7601,2.27446E+12,47314509243
25-12-2026 18:08,114330.4054,2.27751E+12,39269232296
26-12-2026 18:08,110470.5549,2.13993E+12,50650852221
27-12-2026 18:08,106940.3374,2.1557E+12,87614480099
28-12-2026 18:08,102925.9236,2.01927E+12,67560388274
29-12-2026 18:08,100879.8957,2.06868E+12,86481589972
30-12-2026 18:08,99265.63512,1.95205E+12,34196562863
31-12-2026 18:08,100176.3777,2.02857E+12,61717905859
01-01-2027 18:08,97892.32609,1.96297E+12,14863089094
02-01-2027 18:08,97737.67246,1.96134E+12,41883152368
03-01-2027 18:08,96921.48821,1.98165E+12,36371133950
04-01-2027 18:08,98582.45614,1.97983E+12,24263983017
05-01-2027 18:08,97536.85812,1.8947E+12,56952257672
06-01-2027 18:08,95939.6418,1.9089E+12,1.3362E+11
07-01-2027 18:08,94998.22165,1.91824E+12,23727712799
08-01-2027 18:08,97470.71675,1.92784E+12,73616461788
09-01-2027 18:08,95940.88092,1.90176E+12,36448957442
10-01-2027 12:08,94694.77403,1.91248E+12,51184554460
11-01-2027 12:08,97884.65063,1.94924E+12,30237491368
12-01-2027 12:08,96459.51367,1.99693E+12,47184204736
13-01-2027 12:08,96847.59373,1.87543E+12,27112218851
14-01-2027 12:08,95482.0403,1.86039E+12,57634301459
15-01-2027 12:08,96965.52963,1.96814E+12,30186475150
16-01-2027 12:08,100103.8461,1.9793E+12,38875919284
17-01-2027 12:08,101303.5483,2.03441E+12,1.30099E+11
18-01-2027 12:08,103326.9225,2.05864E+12,50404863330
19-01-2027 12:08,104454.3408,2.10112E+12,75342561002
20-01-2027 12:08,102563.5903,1.99846E+12,16487676630
21-01-2027 12:08,100125.9335,1.98378E+12,38374181461
22-01-2027 12:08,101885.2998,2.0625E+12,32925676903
23-01-2027 12:08,102504.2792,2.02978E+12,98441682169
24-01-2027 12:08,104124.5878,2.09965E+12,79243742795
25-01-2027 12:08,101214.228,2.03036E+12,31820574541
26-01-2027 12:08,102491.7834,2.09019E+12,44541766143
27-01-2027 12:08,106246.476,2.12458E+12,1.61844E+11
28-01-2027 12:08,102213.5158,2.06479E+12,53323157851
29-01-2027 12:08,103693.7422,2.05788E+12,23894359036
30-01-2027 12:08,101792.2434,2.00224E+12,59150244729
31-01-2027 12:08,102656.4078,1.99409E+12,55041797972
01-02-2027 12:08,101307.017,2.0107E+12,44395389457
02-02-2027 12:08,102720.6992,2.03929E+12,54356149182
03-02-2027 12:08,101751.5086,2.0542E+12,36575365850
04-02-2027 12:08,100875.2726,2.01653E+12,70251871018
05-02-2027 12:08,97051.20139,1.87247E+12,82854294514
06-02-2027 12:08,102400.5317,2.01487E+12,48330710039
07-02-2027 12:08,106821.9249,2.2135E+12,80638374040
08-02-2027 12:08,108178.8404,2.18637E+12,33454913527
09-02-2027 12:08,108163.8032,2.14523E+12,35134287340
10-02-2027 12:08,110381.3198,2.20057E+12,92255007764
11-02-2027 12:08,109911.7067,2.15598E+12,17331457746
12-02-2027 12:08,109614.6933,2.24746E+12,60412580393
13-02-2027 12:08,113981.7392,2.32373E+12,58958887405
14-02-2027 12:08,111614.2727,2.20469E+12,75956881871
15-02-2027 12:08,115312.153,2.27238E+12,25178307467
16-02-2027 12:08,110907.3965,2.22142E+12,40935196065
17-02-2027 12:08,107089.6065,2.15307E+12,33765551818
18-02-2027 12:08,100461.1282,1.99817E+12,1.06903E+11
19-02-2027 12:08,99473.00336,1.95576E+12,55711057923
20-02-2027 12:08,100120.8641,2.02302E+12,81390465734
21-02-2027 12:08,99682.70546,1.94894E+12,29146981260
22-02-2027 12:08,100472.4509,2.03603E+12,29494448237
23-02-2027 12:08,99886.4935,1.98698E+12,30331466926
24-02-2027 12:08,101788.7943,2.05554E+12,38287663676
25-02-2027 12:08,102918.6921,1.98417E+12,33827199133
26-02-2027 12:08,100137.475,2.00453E+12,22365075738
27-02-2027 12:08,100061.4971,1.92699E+12,78898420044
28-02-2027 12:08,98316.8932,1.96444E+12,78265758861
01-03-2027 05:08,93484.58614,1.86933E+12,90057977465
02-03-2027 05:08,94602.23694,1.87376E+12,78330479358
03-03-2027 05:08,92808.08822,1.83955E+12,41056275042
04-03-2027 05:08,95052.74196,1.85976E+12,72770974986
05-03-2027 05:08,95516.10179,1.90361E+12,43592663009
06-03-2027 05:08,98518.58395,1.99364E+12,36760859582
07-03-2027 05:08,99103.69293,1.98636E+12,28995248913
08-03-2027 05:08,97636.531,1.9464E+12,60653847149
09-03-2027 05:08,100978.1408,1.97388E+12,46675810190
10-03-2027 05:08,98973.96475,2.01949E+12,34960158775
11-03-2027 05:08,94437.21128,1.84881E+12,39771532340
12-03-2027 05:08,93909.47609,1.91638E+12,30942754102
13-03-2027 05:08,91644.18753,1.78215E+12,57603322543
14-03-2027 05:08,93541.51507,1.93676E+12,17647532284
15-03-2027 05:08,91296.13615,1.84554E+12,38468338452
16-03-2027 05:08,88783.62413,1.75181E+12,46091228059
17-03-2027 05:08,87277.03248,1.71776E+12,70664006874
18-03-2027 05:08,89437.37987,1.77956E+12,51282676569
19-03-2027 05:08,88262.3593,1.7702E+12,29952315491
20-03-2027 05:08,89336.77037,1.78831E+12,42449241742
21-03-2027 05:08,87407.40188,1.74911E+12,63552212197
22-03-2027 05:08,85840.54661,1.71289E+12,46627265050
23-03-2027 05:08,86154.29884,1.69403E+12,1.00115E+11
24-03-2027 05:08,86950.93631,1.74588E+12,24018583310
25-03-2027 05:08,83926.81439,1.6968E+12,60046754136
26-03-2027 05:08,85148.12531,1.68376E+12,31439366039
27-03-2027 05:08,83318.71422,1.65068E+12,32743456849
28-03-2027 05:08,84112.64635,1.65402E+12,40030015855
29-03-2027 05:08,86744.5295,1.73812E+12,49196689867
30-03-2027 05:08,85649.17631,1.73379E+12,52398627516
31-03-2027 05:08,83031.20536,1.63348E+12,22766457209
01-04-2027 05:08,81236.9574,1.61353E+12,89268279641
02-04-2027 05:08,80726.82792,1.61901E+12,31111627664
03-04-2027 05:08,81607.80496,1.62533E+12,47605554302
04-04-2027 05:08,83282.85322,1.73031E+12,57501246296
05-04-2027 05:08,82830.47381,1.59235E+12,57394187949
06-04-2027 05:08,81268.75742,1.59611E+12,47473277498
07-04-2027 05:08,79060.82485,1.61236E+12,46672113020
08-04-2027 05:08,76202.47954,1.54235E+12,31297318393
09-04-2027 05:08,77637.09385,1.52008E+12,30816666910
10-04-2027 05:08,77519.61614,1.52687E+12,44685647715
11-04-2027 05:08,77945.40621,1.54883E+12,68275126208
12-04-2027 05:08,76483.59675,1.51147E+12,36901403167
13-04-2027 05:08,77553.00485,1.56128E+12,80288055670
14-04-2027 05:08,78225.50415,1.5794E+12,31458880825
15-04-2027 05:08,75300.98029,1.52574E+12,39568859177
16-04-2027 05:08,75660.73352,1.50014E+12,19873558427
17-04-2027 05:08,71461.9088,1.40615E+12,1.37678E+11
18-04-2027 05:08,67442.79943,1.36801E+12,1.43689E+11
19-04-2027 05:08,67895.60901,1.34281E+12,17969267011
20-04-2027 02:08,71920.66918,1.44209E+12,40267578086
21-04-2027 02:08,71648.83699,1.4006E+12,50406606053
22-04-2027 02:08,68342.75638,1.35958E+12,75479770650
23-04-2027 02:08,67414.73116,1.30465E+12,17405661116
24-04-2027 02:08,67184.91316,1.35768E+12,94770046858
25-04-2027 02:08,66434.1938,1.32593E+12,32407993102
26-04-2027 02:08,66959.09807,1.31036E+12,14602835411
27-04-2027 02:08,66550.73187,1.36472E+12,34478046932
28-04-2027 02:08,66344.02428,1.35269E+12,78597486328
29-04-2027 02:08,63901.88605,1.27696E+12,64409479900
30-04-2027 02:08,64814.81789,1.29138E+12,30368303677
01-05-2027 02:08,63950.13731,1.34083E+12,34569297671
02-05-2027 02:08,64995.93229,1.31561E+12,83885579436
03-05-2027 02:08,66215.23851,1.36624E+12,30357839267
04-05-2027 02:08,64689.56886,1.28054E+12,90242702529
05-05-2027 02:08,65406.513,1.25429E+12,31161959745
06-05-2027 02:08,67091.45582,1.37752E+12,65077241115
07-05-2027 02:08,69266.11242,1.37148E+12,24012196416
08-05-2027 02:08,68656.35608,1.36768E+12,40654902027
09-05-2027 02:08,70482.18745,1.39843E+12,30843147346
10-05-2027 02:08,68716.91222,1.32298E+12,83265579203
11-05-2027 02:08,68065.53791,1.35332E+12,24840097157
12-05-2027 02:08,67401.35179,1.33861E+12,54077636090
13-05-2027 02:08,66909.90943,1.28353E+12,36903185808
14-05-2027 02:08,67273.86534,1.34523E+12,69252060629
15-05-2027 02:08,65154.86296,1.31036E+12,15899869269
16-05-2027 02:08,63535.01554,1.30418E+12,49949761459
17-05-2027 02:08,65251.88918,1.27095E+12,28476714225
18-05-2027 02:08,64072.36991,1.27666E+12,56416826806
19-05-2027 02:08,61592.13575,1.22153E+12,25322903427
20-05-2027 02:08,64726.82426,1.29564E+12,69097877310
21-05-2027 02:08,66334.14694,1.30828E+12,23286539327
22-05-2027 02:08,65558.03242,1.26488E+12,49712381373
23-05-2027 02:08,68090.51675,1.34526E+12,50696264030
24-05-2027 02:08,69403.48186,1.37775E+12,24520162081
25-05-2027 02:08,70018.62007,1.40055E+12,74346744320
26-05-2027 02:08,68779.16935,1.38628E+12,30666076286
27-05-2027 02:08,65228.2007,1.36861E+12,38510551160
28-05-2027 02:08,64790.84743,1.30009E+12,92921156016
29-05-2027 02:08,64541.85426,1.28097E+12,72789725043
30-05-2027 02:08,64845.50638,1.341E+12,39059429532
31-05-2027 02:08,66419.00918,1.31096E+12,30333493134
01-06-2027 02:08,65693.46536,1.28397E+12,31306062683
02-06-2027 02:08,66940.35338,1.3459E+12,63030620501
03-06-2027 02:08,66118.5577,1.33416E+12,79600345949
04-06-2027 02:08,66793.539,1.30886E+12,48994108937
05-06-2027 02:08,66793.19296,1.28564E+12,19482416175
06-06-2027 02:08,66038.71435,1.31704E+12,41198721984
07-06-2027 02:08,66939.0016,1.3198E+12,39490874496
08-06-2027 02:08,66977.50848,1.32814E+12,45926756398
08-06-2027 04:08,68793.45733,1.38073E+12,37198516224
09-06-2027 04:08,67703.64234,1.33472E+12,31091194187
10-06-2027 04:08,67238.58469,1.34271E+12,80407316730
11-06-2027 04:08,65270.44753,1.28071E+12,59002850755
12-06-2027 04:08,65876.83769,1.34511E+12,40149500148
13-06-2027 04:08,67072.41803,1.26743E+12,1.08432E+11
14-06-2027 04:08,65613.03544,1.31944E+12,18480225887
15-06-2027 04:08,67848.05309,1.36526E+12,66149108670
16-06-2027 04:08,65634.00715,1.32464E+12,70169911199
17-06-2027 04:08,65964.8095,1.28737E+12,1.49109E+11
18-06-2027 04:08,65752.88846,1.30411E+12,47493376759
19-06-2027 04:08,66056.58509,1.33716E+12,47536145026
20-06-2027 04:08,67003.51331,1.34952E+12,40486738097
21-06-2027 04:08,67530.4833,1.34602E+12,33393312963
22-06-2027 04:08,68160.7566,1.37138E+12,36810217949
23-06-2027 04:08,66975.19847,1.34306E+12,29482680487
24-06-2027 04:08,66417.6093,1.25766E+12,43410688618
25-06-2027 04:08,68041.91565,1.3619E+12,29045801144
26-06-2027 04:08,68554.52515,1.30523E+12,86064962829
27-06-2027 04:08,70678.49514,1.41761E+12,60375813972
28-06-2027 04:08,71580.95594,1.4437E+12,40592499388
29-06-2027 04:08,70704.96231,1.39743E+12,1.177E+11
30-06-2027 04:08,70970.17157,1.41558E+12,37728443887
01-07-2027 04:08,71901.28918,1.40441E+12,46361523551
02-07-2027 04:08,73151.08766,1.46091E+12,45922558595
03-07-2027 04:08,72745.02535,1.47416E+12,27428128907
04-07-2027 04:08,71910.44547,1.38254E+12,37394516327
05-07-2027 04:08,71419.21646,1.42789E+12,76303034342
06-07-2027 04:08,70385.3303,1.36917E+12,34872554994
07-07-2027 04:08,69317.0839,1.4138E+12,29198341898
08-07-2027 04:08,67518.37286,1.39127E+12,1.10454E+11
09-07-2027 04:08,70446.47619,1.41192E+12,64718693313
10-07-2027 04:08,70749.61159,1.36427E+12,65383713817
11-07-2027 04:08,70174.33104,1.40485E+12,58494455121
12-07-2027 04:08,71165.65032,1.39624E+12,43139524915
13-07-2027 04:08,73911.74572,1.53347E+12,54722768556
14-07-2027 04:08,77092.1563,1.51362E+12,60379005411
15-07-2027 04:08,79519.21325,1.54651E+12,27552372106
16-07-2027 04:08,80187.3822,1.63164E+12,57086257505
17-07-2027 04:08,80927.18806,1.62022E+12,1.05457E+11
18-07-2027 04:08,80279.79289,1.61201E+12,48668606182
19-07-2027 04:08,80273.46081,1.5943E+12,33577479616
20-07-2027 04:08,78936.31029,1.58522E+12,40929989162
21-07-2027 04:08,79658.20421,1.54381E+12,48502821499
22-07-2027 04:08,77009.63818,1.5308E+12,77278145158
23-07-2027 04:08,78174.28903,1.48182E+12,59436957495
24-07-2027 04:08,78718.66708,1.56565E+12,1.37684E+11
25-07-2027 04:08,78550.07347,1.51602E+12,46822552438
26-07-2027 04:08,78436.29668,1.54517E+12,33098838585
27-07-2027 04:08,79741.26321,1.63013E+12,26797043895
27-07-2027 15:08,79795.39643,1.56763E+12,56245591690
28-07-2027 15:08,79488.63089,1.60467E+12,23084353415
29-07-2027 15:08,80318.61351,1.64586E+12,52646417892
30-07-2027 15:08,80338.07062,1.55882E+12,59623464056
31-07-2027 15:08,79576.76387,1.56876E+12,50336509080
01-08-2027 15:08,79484.88416,1.64825E+12,38949996219
02-08-2027 15:08,78398.25764,1.58342E+12,40252794862
03-08-2027 15:08,80651.10508,1.6506E+12,32641345209
04-08-2027 15:08,82420.91742,1.61779E+12,65438078246
05-08-2027 15:08,84023.42895,1.63164E+12,63508489201
06-08-2027 15:08,82314.70965,1.6248E+12,62112717219
07-08-2027 15:08,83369.11189,1.7247E+12,20159400785
08-08-2027 15:08,83574.05587,1.6333E+12,22660758152
09-08-2027 15:08,85249.85081,1.69222E+12,93819149793
10-08-2027 15:08,85243.41365,1.65393E+12,52857915125
11-08-2027 15:08,84486.95234,1.59379E+12,48679870069
12-08-2027 15:08,85238.87908,1.73826E+12,25797167158
13-08-2027 15:08,87443.11927,1.6783E+12,51708254930
14-08-2027 15:08,87303.19877,1.74949E+12,34542043822
15-08-2027 15:08,87381.09071,1.70115E+12,25607338260
16-08-2027 15:08,85233.47085,1.71883E+12,55539094160
17-08-2027 15:08,84005.85738,1.71172E+12,26983046464
18-08-2027 15:08,84858.55588,1.71522E+12,38862201041
19-08-2027 15:08,87473.37065,1.80134E+12,71895994296
20-08-2027 15:08,85964.69261,1.68236E+12,57228302689
21-08-2027 15:08,88573.83128,1.78563E+12,20785411590
22-08-2027 15:08,86682.96536,1.71182E+12,49943463155
23-08-2027 15:08,92501.26613,1.8632E+12,40213116209
24-08-2027 15:08,94277.57525,1.86418E+12,1.08137E+11
25-08-2027 15:08,95294.61414,1.92171E+12,54412006158
26-08-2027 15:08,94033.90856,1.85046E+12,25424528808
27-08-2027 15:08,95617.86912,1.9203E+12,1.01803E+11
28-08-2027 15:08,96999.95693,1.88824E+12,36315392035
29-08-2027 15:08,98777.22774,1.9542E+12,42520737568
30-08-2027 15:08,98020.16818,1.98543E+12,58756044550
31-08-2027 15:08,98128.19002,1.95312E+12,31678269969
01-09-2027 15:08,99020.45097,1.98999E+12,33878280109
02-09-2027 15:08,101361.459,1.99787E+12,28628526294
03-09-2027 15:08,100505.606,2.04255E+12,59996996367
04-09-2027 15:08,97550.3342,1.9884E+12,50220172632
05-09-2027 15:08,97854.93732,1.87822E+12,54061264506
06-09-2027 15:08,95008.25955,1.83318E+12,76871539703
07-09-2027 15:08,98151.53002,1.93237E+12,18767235312
08-09-2027 15:08,100765.8955,1.99908E+12,33503431867
09-09-2027 15:08,101854.7414,2.0723E+12,90925559163
10-09-2027 15:08,98945.95922,1.95283E+12,50195821136
11-09-2027 15:08,96908.99279,1.94184E+12,43011406581
12-09-2027 15:08,95330.52435,1.88842E+12,27762188070
13-09-2027 15:08,97461.00573,1.86795E+12,27689024176
14-09-2027 15:08,96100.57972,1.9093E+12,21348231783
15-09-2027 07:08,100472.9647,1.96681E+12,54796645637
16-09-2027 07:08,101219.5669,2.0855E+12,32196247819
17-09-2027 07:08,101020.6566,2.09266E+12,64800348771
18-09-2027 07:08,104185.3519,2.00475E+12,1.28261E+11
19-09-2027 07:08,108138.0157,2.08112E+12,47966960024
20-09-2027 07:08,105786.4214,2.05068E+12,56788404287
21-09-2027 07:08,108742.4283,2.14228E+12,41058037747
22-09-2027 07:08,112342.0066,2.23882E+12,63249408541
23-09-2027 07:08,115859.8366,2.26738E+12,62463652390
24-09-2027 07:08,121097.5014,2.36973E+12,79162658141
25-09-2027 07:08,121853.9828,2.42762E+12,86411816979
26-09-2027 07:08,117833.8079,2.40219E+12,73987224891
27-09-2027 07:08,114954.0852,2.24317E+12,17237204205
28-09-2027 07:08,111600.0562,2.1446E+12,83369795982
29-09-2027 07:08,110788.9305,2.19889E+12,13225138128
30-09-2027 07:08,109126.7829,2.18607E+12,12698836749
01-10-2027 07:08,107349.8515,2.07756E+12,37188170314
02-10-2027 07:08,109826.3914,2.16727E+12,87103758888
03-10-2027 07:08,111932.3512,2.22746E+12,83247742951
04-10-2027 07:08,112195.2435,2.21508E+12,88597688259
05-10-2027 07:08,112185.0669,2.17492E+12,54562137184
06-10-2027 07:08,116101.5716,2.28866E+12,43402039970
07-10-2027 07:08,113832.3212,2.29877E+12,40710383677
08-10-2027 07:08,111359.1477,2.25409E+12,71142605670
09-10-2027 07:08,114388.7073,2.2717E+12,65083383690
10-10-2027 07:08,115245.7438,2.28104E+12,47634283263
11-10-2027 07:08,115543.3902,2.32773E+12,33221747605
12-10-2027 07:08,118594.9324,2.29358E+12,29830205171
13-10-2027 07:08,115788.9691,2.28243E+12,73873249745
14-10-2027 07:08,116038.8682,2.2943E+12,65841708820
15-10-2027 07:08,113387.6645,2.15174E+12,25866318204
16-10-2027 07:08,116982.643,2.1995E+12,35781830102
17-10-2027 07:08,118001.1409,2.41698E+12,47766151686
18-10-2027 07:08,113313.303,2.21047E+12,18073362224
19-10-2027 07:08,114151.667,2.28597E+12,28362694888
20-10-2027 07:08,114653.2702,2.25116E+12,26458811576
21-10-2027 07:08,113008.5889,2.20999E+12,23876808143
22-10-2027 07:08,116782.5601,2.32227E+12,49254887147
23-10-2027 07:08,117688.4439,2.30243E+12,1.04138E+11
24-10-2027 07:08,119313.901,2.39963E+12,16553056285
25-10-2027 07:08,119441.0567,2.38331E+12,51239042147
26-10-2027 07:08,119403.2905,2.39309E+12,43091003173
27-10-2027 07:08,119468.1843,2.41314E+12,76721786545
28-10-2027 07:08,122881.8608,2.46595E+12,67879320938
29-10-2027 07:08,122269.0744,2.4686E+12,27535307130
30-10-2027 07:08,123766.7974,2.51485E+12,66431489108
31-10-2027 07:08,123479.2134,2.44037E+12,38410933541
01-11-2027 07:08,118648.1756,2.4241E+12,45047982773
02-11-2027 07:08,112168.3909,2.23061E+12,39907060698
03-11-2027 07:08,110531.8278,2.19851E+12,32840854221
03-11-2027 22:08,110627.6436,2.21002E+12,33312086491
04-11-2027 22:08,109038.1526,2.15716E+12,86390754108
05-11-2027 22:08,107413.2904,2.084E+12,21122464599
06-11-2027 22:08,105978.5925,2.18338E+12,38258595445
07-11-2027 22:08,108182.3303,2.14393E+12,1.26578E+11
08-11-2027 22:08,111699.1924,2.285E+12,54223560967
09-11-2027 22:08,113189.311,2.20102E+12,45351202983
10-11-2027 22:08,116896.3807,2.29281E+12,57409349684
11-11-2027 22:08,116583.8229,2.33664E+12,49145743026
12-11-2027 22:08,120187.0151,2.42934E+12,51474531690
13-11-2027 22:08,123039.9077,2.44408E+12,23980267974
14-11-2027 22:08,125490.0435,2.46588E+12,26622688066
15-11-2027 22:08,123608.3822,2.50177E+12,40748559434
16-11-2027 22:08,123668.3942,2.47205E+12,34678610851
17-11-2027 22:08,122524.9449,2.49241E+12,59393388500
18-11-2027 22:08,119605.4903,2.38494E+12,42921699905
19-11-2027 22:08,122432.53,2.39669E+12,32492445339
20-11-2027 22:08,124259.4034,2.39741E+12,60023066251
21-11-2027 22:08,125673.2588,2.53666E+12,64429059153
22-11-2027 22:08,129530.6078,2.55406E+12,42631683324
23-11-2027 22:08,130872.8857,2.57646E+12,45569990087
24-11-2027 22:08,134124.6779,2.70501E+12,38078950330
25-11-2027 22:08,135953.0471,2.66732E+12,46921415116
26-11-2027 22:08,133543.4933,2.67723E+12,51606836762
27-11-2027 22:08,132062.4617,2.69202E+12,32687972858
28-11-2027 22:08,133852.6296,2.59979E+12,62285714520
29-11-2027 22:08,135634.618,2.75709E+12,1.21003E+11
30-11-2027 22:08,136565.3277,2.80659E+12,1.05972E+11
01-12-2027 22:08,135082.74,2.61547E+12,33421367265
02-12-2027 22:08,135511.5446,2.68567E+12,58325082071
03-12-2027 22:08,135888.9038,2.7648E+12,58000367568
04-12-2027 22:08,140527.423,2.79292E+12,31792985858
05-12-2027 22:08,144031.1814,2.89836E+12,40674689742
06-12-2027 22:08,140028.8958,2.84873E+12,75536590436
07-12-2027 22:08,142605.6201,2.86092E+12,26438055554
08-12-2027 22:08,143710.7497,2.83722E+12,1.09483E+11
09-12-2027 22:08,145133.688,2.91851E+12,85731911211
10-12-2027 22:08,146651.1872,2.86127E+12,2.03724E+11
11-12-2027 22:08,145618.7162,2.80204E+12,57696159125
12-12-2027 22:08,147973.3672,2.84238E+12,76879891957
13-12-2027 22:08,147451.685,2.98909E+12,50220578235
14-12-2027 22:08,149942.3312,3.00958E+12,37160173181
15-12-2027 22:08,150577.3879,2.94295E+12,72515175364
16-12-2027 22:08,150770.2307,3.07202E+12,41501713022
17-12-2027 22:08,149147.3189,2.98853E+12,51419453817
18-12-2027 22:08,148528.573,2.91686E+12,30980479070
19-12-2027 22:08,147742.6372,2.84011E+12,34966263004
20-12-2027 22:08,151041.8621,2.94485E+12,30120268982
21-12-2027 22:08,149105.2371,3.04859E+12,24940870393
22-12-2027 22:08,150123.1389,3.04024E+12,36440133927
